Actief;Id;Extern relatienummer;Naam;Voornaam;Contactpersoon;Straat en nummer;Postcode;Gemeente;Land;Klant;Boekingsrekening als klant;Leverancier;Boekingsrekening als leverancier;Venootschapsvorm;BTW-nummer;BTW plichtigheid;Bankrekeningnummer;BIC code;IBAN nummer;Munt;Vervaldagen;Vervaldatum type;Opmerkingen;Telefoon;Gsm;Fax;Email;Url;Zoekveld 1;Zoekveld 2;Taal;;;;;;;;;;
A;213;0;ADITECO NV;;;WONTERGEMSTRAAT 82;8720;Wakken;BE;JA;700000;NEE;;NV;BE0859.661.213;Belgische BTW-plichtige;;;;EUR;14;na factuur datum;;;;;;;;;0;;;;;;;;;;
A;190;0;ADOMH SANTE SARL;;;"260 VC VOIE ATLAS,13600 LA CIOTAT";;;  ;JA;700100;NEE;;NP;FR45789399979;Intracommunautaire BTW-plichtige;;;;EUR;15;na factuur datum;;;;;;;;;1;;;;;;;;;;
A;165;0;AJC Medical;;;ZI Petits Carreaux/Av. Roses 6;94380;Bonneuil sur Marne;FR;JA;700100;NEE;;NP;FR96412218406;Intracommunautaire BTW-plichtige;;;;EUR;15;na factuur datum;;;;;;;;;1;;;;;;;;;;
A;220;0;ALBATROS Wing NV;;;Gestelhof 37;2820;Bonheiden;BE;JA;700000;NEE;;NV;BE0466.912.765;Belgische BTW-plichtige;;;;EUR;15;na factuur datum;;;;;;;;;0;;;;;;;;;;
A;53;0;ALGEMEEN ZIEKENHUIS NIKOLAAS;;;MOERLANDSTRAAT 1;9100;Sint-Niklaas;BE;JA;700000;NEE;;VZW;BE0881.291.322;Belgische BTW-plichtige;;;;EUR;0;na factuur datum;;;;;;;;;0;;;;;;;;;;
A;245;0;ANKH ORTHOPÉDIE;;;RUE DES BARDANES 4;7522;Lamain;  ;JA;700000;NEE;;NP;BE0419.723.948;Belgische BTW-plichtige;;;;EUR;14;na factuur datum;;;;;;;;;0;;;;;;;;;;
A;230;0;ANP Pers Support;;;",VERRIJN STUARTLAAN 00007,2288EK RIJSWIJK ZH,";;;  ;NEE;;JA;;VOF;NL810444926B01;Intracommunautaire BTW-plichtige;;;;EUR;0;na factuur datum;;;;;;;;;0;;;;;;;;;;
A;194;0;ARTEXIS;;;MAALTEKOUTER 1;9051;Afsnee;  ;NEE;;JA;615200;NP;BE0427.328.649;Belgische BTW-plichtige;;;;EUR;0;na factuur datum;;;;;;;;;0;;;;;;;;;;
A;184;0;ASC Mobistar Center;;;;;;  ;NEE;;JA;612330;NP;BE0465.853.485;Belgische BTW-plichtige;;;;EUR;0;na factuur datum;;;;;;;;;0;;;;;;;;;;
A;155;0;AUTONOMIE DEVELOPPEMENT SERVICES;;;"44 RUE DES VIGNERONS,94300 VINCENNES";;;  ;NEE;;JA;604000;NP;FR46402765028;Intracommunautaire BTW-plichtige;;;;EUR;0;na factuur datum;;;;;;;;;0;;;;;;;;;;
A;261;0;AW Frumau;;;Pontweg 31;9160;Lokeren;BE;NEE;;JA;;NP;BE0821.105.790;Belgische BTW-plichtige;;;;EUR;0;na factuur datum;;;;;;;;;0;;;;;;;;;;
A;204;0;AZ Alma Campus Eeklo;;;;;;  ;JA;700000;NEE;;VZW;BE0463.862.908;Niet BTW-plichtige;;;;EUR;14;na factuur datum;;;;;;;;;0;;;;;;;;;;
A;216;0;AZ Medical;;;10 Boucle Du Val MArie;57100;Thionville;FR;JA;700100;NEE;;;FR16422605204;Intracommunautaire BTW-plichtige;;;;EUR;30;na factuur datum;;;;;;;;;1;;;;;;;;;;
A;193;0;AZ Paramedical;;;"A A Z PARAMEDICAL,12 RUE VERNOUX,26000 VALENCE ";;;  ;JA;700100;NEE;;NP;FR06326895430;Intracommunautaire BTW-plichtige;;;;EUR;15;na factuur datum;;;;;;;;;1;;;;;;;;;;
A;159;0;AZ SINT-LUCAS & VOLKSKLINIEK;;;GROENEBRIEL 1;9000;Gent;  ;JA;700000;NEE;;VZW;BE0459.265.997;Belgische BTW-plichtige;;;;EUR;0;na factuur datum;;;;;;;;;0;;;;;;;;;;
A;324;0;Abterna;;;;;;  ;NEE;;JA;614000;NP;;Belgische BTW-plichtige;;;;EUR;0;na factuur datum;;;;;;;;;0;;;;;;;;;;
A;238;0;Acces Santé;;;95 Rue de Sèze;69006;Lyon;FR;JA;700100;NEE;;NP;FR45431265891;Intracommunautaire BTW-plichtige;;;;EUR;14;na factuur datum;;;;;;;;;1;;;;;;;;;;
A;66;0;Action Non Food ;;;Merkplassesteenweg 106;2310;Rijkevorsel;BE;NEE;;JA;612320;BVBA;BE0873.975.443;Belgische BTW-plichtige;;;;EUR;0;na factuur datum;;;;;;;;;0;;;;;;;;;;
A;291;0;Agelyance;;;1 Rue Louis Pidoux;29200;Brest;FR;JA;;JA;700100;NP;FR04519745947;BTW-plichtige buiten EU;;;;EUR;15;na factuur datum;;;;;;;;;1;;;;;;;;;;
A;70;0;Albatros - comfortshop;;;Mechelsesteenweg 211;2820;Bonheiden;BE;JA;700000;NEE;;NP;BE0477.321.063;Belgische BTW-plichtige;;;;EUR;0;na factuur datum;;;;;;;;;0;;;;;;;;;;
A;300;0;Alphamed;;;AVENUE DES ORMEAUX 30-32;1180;Ukkel;  ;JA;700000;NEE;;NP;BE0426.402.793;Belgische BTW-plichtige;;;;EUR;15;na factuur datum;;;;;;;;;1;;;;;;;;;;
A;254;0;Anglo Belgian Corporation;;;WIEDAUWKAAI 43;9000;Gent;  ;NEE;;JA;230000;NV;BE0420.246.659;Belgische BTW-plichtige;;;;EUR;0;na factuur datum;;;;;;;;;0;;;;;;;;;;
A;317;0;Apotheek Huyghe - Hoebeke;;;H.-GEESTMOLENSTRAAT 156A;9160;Daknam;  ;NEE;;JA;604000;BVBA;BE0870.906.481;Belgische BTW-plichtige;;;;EUR;0;na factuur datum;;;;;;;;;0;;;;;;;;;;
A;76;0;Apotheek Pasmans - Mertens;;;Rerum Novarumlei 21;2930;Brasschaat;BE;JA;700000;NEE;;NP;BE0431.514.396;Belgische BTW-plichtige;;;;EUR;0;na factuur datum;;;;;;;;;0;;;;;;;;;;
A;161;0;Apple Distribution International;;;;;;  ;NEE;;JA;612320;NP;;Belgische BTW-plichtige;;;;EUR;0;na factuur datum;;;;;;;;;0;;;;;;;;;;
A;325;0;Arbrini;;;",GRASDUIN 00021,5658HL EINDHOVEN,";;;  ;NEE;;JA;;VOF;NL821887403B01;Intracommunautaire BTW-plichtige;;;;EUR;0;na factuur datum;;;;;;;;;0;;;;;;;;;;
A;296;0;Asodep;;;;;;  ;JA;700000;NEE;;NP;BE0899.844.155;Belgische BTW-plichtige;;;;EUR;15;na factuur datum;;;;;;;;;1;;;;;;;;;;
A;30;0;Association des ergotherapeutes;;;BP 14;1081;Koekelberg;BE;NEE;;JA;615200;BVBA;;Belgische BTW-plichtige;;;;EUR;0;na factuur datum;;;;;;;;;0;;;;;;;;;;
A;172;0;At-Medicals;;;Nieuwlandlaan 9;3200;Aarschot;BE;JA;700000;NEE;;NP;BE0502.815.039;Belgische BTW-plichtige;;;;EUR;15;na factuur datum;;;;;;;;;0;;;;;;;;;;
A;198;0;Autokeuring STUDIEBUREEL VOOR AUTOMOBIELTRAN;;;POORTAKKERSTRAAT 129;9051;Afsnee;  ;NEE;;JA;611221;NP;BE0428.927.169;Belgische BTW-plichtige;;;;EUR;0;na factuur datum;;;;;;;;;0;;;;;;;;;;
A;168;0;Autonomie;;;ZA Rue Lavoisier BP 20065;59112;Annoeullin;FR;JA;700100;NEE;;NP;FR26433955630;Intracommunautaire BTW-plichtige;;;;EUR;0;na factuur datum;;;;;;;;;0;;;;;;;;;;
A;25;0;Ava;;;Kapekanielaan 6;9140;Temse;BE;NEE;;JA;612320;NV;BE0404.754.274;Belgische BTW-plichtige;;;;EUR;0;na factuur datum;;;;;;;;;0;;;;;;;;;;
A;16;0;Avia Belgomine ;;;Wilfordkaai 43;9140;Temse;BE;NEE;;JA;612240;NV;;Belgische BTW-plichtige;;;;EUR;0;na factuur datum;;;;;;;;;0;;;;;;;;;;
A;246;0;BABY'S CORNER;;;STEENWEG DEINZE 33;9810;Eke;  ;JA;700000;NEE;;NP;BE0880.289.351;Belgische BTW-plichtige;;;;EUR;14;na factuur datum;;;;;;;;;0;;;;;;;;;;
A;217;0;BASTIDE LE CONFORT MEDICAL SA;;;"12 AV DE LA DAME,30132 CAISSARGUES ";;;  ;JA;700100;NEE;;NP;FR19305635039;Intracommunautaire BTW-plichtige;;;;EUR;15;na factuur datum;;;;;;;;;1;;;;;;;;;;
A;247;0;BELMEDIS;;;CONGRESSTRAAT 35;1000;Brussel;  ;JA;700000;NEE;;NP;BE0404.182.964;Belgische BTW-plichtige;;;;EUR;14;na factuur datum;;;;;;;;;0;;;;;;;;;;
A;215;0;BOP MON ARTISAN SPRL;;;RUE DES SCABIEUSES 6 B;5100;Naninne;BE;JA;700000;NEE;;BVBA;BE0840.273.485;Belgische BTW-plichtige;;;;EUR;0;na factuur datum;;;;;;;;;0;;;;;;;;;;
A;179;0;BPOST;;;MUNTCENTRUM;1000;Brussel;  ;NEE;;JA;612310;NP;BE0214.596.464;Belgische BTW-plichtige;;;;EUR;0;na factuur datum;;;;;;;;;0;;;;;;;;;;
A;106;0;Backstage Communication;;;;;;  ;NEE;;JA;612320;NP;BE0893.887.563;Belgische BTW-plichtige;;;;EUR;0;na factuur datum;;;;;;;;;0;;;;;;;;;;
A;118;0;Bandagisterie Brasseur;;;Rue du Midi 76/82;1000;Brussel;BE;JA;700000;NEE;;NP;BE0877.884.444;Belgische BTW-plichtige;;;;EUR;0;na factuur datum;;;;;;;;;0;;;;;;;;;;
A;95;0;Bandamed;;;Bizeweg 4c;9230;Wetteren;BE;JA;700000;NEE;;NV;BE0444.817.749;Belgische BTW-plichtige;;;;EUR;15;na factuur datum;;;;;;;;;0;;;;;;;;;;
A;104;0;Basecamp Communications ;;;Bautersemstraat 41;2800;Mechelen;BE;NEE;;JA;614000;BVBA;BE0845.025.101;Belgische BTW-plichtige;;;;EUR;0;na factuur datum;;;;;;;;;0;;;;;;;;;;
A;78;0;Basilic Ortho Pedia ;;;Avenue Marie d'hongrie 80a;1082;Sint-Agatha-Berchem;BE;JA;700000;NEE;;BVBA;BE0422.269.803;Belgische BTW-plichtige;;;;EUR;0;na factuur datum;;;;;;;;;0;;;;;;;;;;
A;315;0;Ben Hoppenbrouwers Keukens;;;",WILDERTSEDIJK 00001 7,4881ET ZUNDERT,";;;  ;JA;;JA;700400;NP;NL099855847B01;BTW-plichtige buiten EU;;;;EUR;15;na factuur datum;;;;;;;;;0;;;;;;;;;;
A;54;0;Beter Thuis - Delporte;;;Rechtstraat 18a;9080;Lochristi;BE;JA;700000;NEE;;NP;BE0643.347.154;Belgische BTW-plichtige;;;;EUR;0;na factuur datum;;;;;;;;;0;;;;;;;;;;
A;153;0;Blijf Actief;;;Abdis Erkastraat 17;8510;Marke;BE;JA;700000;NEE;;NP;;Niet BTW-plichtige;;;;EUR;0;na factuur datum;;;;;;;;;0;;;;;;;;;;
A;259;0;Buisgro;;;KRIKTESTRAAT 9;9160;Daknam;  ;NEE;;JA;611111;BVBA;BE0416.103.472;Belgische BTW-plichtige;;;;EUR;0;na factuur datum;;;;;;;;;0;;;;;;;;;;
A;248;0;CEDEK MEDICAL;;;RUE CHARLES-MAGNETTE 6;4000;Glain;  ;JA;;NEE;;NP;BE0443.485.087;Belgische BTW-plichtige;;;;EUR;14;na factuur datum;;;;;;;;;0;;;;;;;;;;
A;157;0;CEMEX B.V.;;;",BETUWEHAVEN 00016,3433PV NIEUWEGEIN,";;;  ;JA;700000;NEE;;NP;NL008306448B01;Intracommunautaire BTW-plichtige;;;;EUR;0;na factuur datum;;;;;;;;;0;;;;;;;;;;
A;46;0;CLINIQUE SAINT JEAN;;;BD DU JARDIN BOTANIQUE32;1000;Brussel;BE;JA;;NEE;;VZW;BE0409.890.128;Belgische BTW-plichtige;;;;EUR;0;na factuur datum;;;;;;;;;0;;;;;;;;;;
A;290;0;Cap Autonomie;;;43 Le Jeune Bois;59157;Beauvois-en-Cambrésis;FR;JA;700100;NEE;;NP;FR76445035504;BTW-plichtige buiten EU;;;;EUR;15;na factuur datum;;;;;;;;;0;;;;;;;;;;
A;226;0;Cap Vital Sante Bourgoin;;;10 B RTE DE GRENOBLE;38300;Bourgoin;FR;JA;700100;NEE;;;FR67423895127;Intracommunautaire BTW-plichtige;;;;EUR;30;na factuur datum;;;;;;;;;1;;;;;;;;;;
A;227;0;Cap Vital Sante Lyon;;;110 AV PAUL SANTY ;69008;LYON;FR;JA;700100;NEE;;;FR08790484653;Intracommunautaire BTW-plichtige;;;;EUR;30;na factuur datum;;;;;;;;;1;;;;;;;;;;
A;225;0;Cap Vital Sante Saint Camond;;;RICHAGNEUX;42400 ;;FR;JA;700100;NEE;;;FR58385096094;Intracommunautaire BTW-plichtige;;;;EUR;30;na factuur datum;;;;;;;;;1;;;;;;;;;;
A;88;0;Carglass;;;Trichterheideweg 11;3500;Hasselt;BE;NEE;;JA;611221;NV;BE0432.023.845;Belgische BTW-plichtige;;;;EUR;0;na factuur datum;;;;;;;;;0;;;;;;;;;;
A;122;0;Cavellor;;;Rue Edith Cavell 143a;1180;Ukkel;BE;JA;700000;NEE;;NP;BE0472.911.820;Belgische BTW-plichtige;;;;EUR;0;na factuur datum;;;;;;;;;0;;;;;;;;;;
A;170;0;Cellier;;;;;;  ;JA;700100;NEE;;NP;FR39317929537;Intracommunautaire BTW-plichtige;;;;EUR;15;na factuur datum;;;;;;;;;1;;;;;;;;;;
A;86;0;Cemex;;;Betuwehaven 16;3433;PV Nieuwegein;BE;NEE;;JA;604000;NP;NL008306448B01;Intracommunautaire BTW-plichtige;;;;EUR;0;na factuur datum;;;;;;;;;0;;;;;;;;;;
A;35;0;Centea;;;;;;  ;NEE;;JA;650200;NV;;Belgische BTW-plichtige;;;;EUR;0;na factuur datum;;;;;;;;;0;;;;;;;;;;
A;192;0;Centre Neurologique William Lennox;;;Allé de Clerlande 6;1340;Ottignies;BE;JA;700000;NEE;;NP;BE0408.374.948;Belgische BTW-plichtige;;;;EUR;15;na factuur datum;;;;;;;;;1;;;;;;;;;;
A;166;0;Centre Orthopedique;;;41 Rue des Rotisseurs;59400;Cambrai;FR;JA;700100;NEE;;NP;FR41389530023;Intracommunautaire BTW-plichtige;;;;EUR;15;na factuur datum;;;;;;;;;1;;;;;;;;;;
A;163;0;Centre d'encaissement des amendes;;;;;;  ;NEE;;JA;643100;NP;;Belgische BTW-plichtige;;;;EUR;0;na factuur datum;;;;;;;;;0;;;;;;;;;;
A;272;0;Cerp Wallonie;;;BD DE L'HUMANITE 55;1070;Anderlecht;  ;JA;700000;NEE;;NP;BE0403.057.962;Belgische BTW-plichtige;;;;EUR;15;na factuur datum;;;;;;;;;1;;;;;;;;;;
A;26;0;CheapTickets.be;;;;;;  ;NEE;;JA;613310;NP;;Belgische BTW-plichtige;;;;EUR;0;na factuur datum;;;;;;;;;0;;;;;;;;;;
A;297;0;Clavel Medical;;;"LA SAQUE,30800 ST GILLES ";;;  ;JA;700100;NEE;;NP;FR23494053531;BTW-plichtige buiten EU;;;;EUR;15;na factuur datum;;;;;;;;;1;;;;;;;;;;
A;114;0;Colruyt ETN ;;;Edingensesteenweg 196;1500;Halle;BE;NEE;;JA;614310;NV;BE0400.378.485;Belgische BTW-plichtige;;;;EUR;0;na factuur datum;;;;;;;;;0;;;;;;;;;;
A;47;0;Commission Europeenne;;;Service Facturation OIB OS 2;1049;E.U.-Commissie;BE;JA;;NEE;;NP;;Niet BTW-plichtige;;;;EUR;0;na factuur datum;;;;;;;;;0;;;;;;;;;;
A;301;0;Confort Medical France;;;"8 AV DE LA MALADRERIE,78300 POISSY ";;;  ;JA;700100;NEE;;NP;FR12488169863;BTW-plichtige buiten EU;;;;EUR;15;na factuur datum;;;;;;;;;1;;;;;;;;;;
A;316;0;Coppes Hoorzorg;;;",BROEKSTRAAT 00145,6546AB NIJMEGEN,";;;  ;JA;700400;NEE;;NP;NL168463672B02;BTW-plichtige buiten EU;;;;EUR;15;na factuur datum;;;;;;;;;0;;;;;;;;;;
A;119;0;Creteur orthopedie;;;Rue d'Havré 136;7000;Mons;BE;JA;700000;NEE;;NP;BE0843.330.866;Belgische BTW-plichtige;;;;EUR;0;na factuur datum;;;;;;;;;0;;;;;;;;;;
A;140;0;Cuyt Orthopedie;;;Antwerpsesteenweg 259/b;2800;Mechelen;BE;JA;700000;NEE;;NP;;Niet BTW-plichtige;;;;EUR;0;na factuur datum;;;;;;;;;0;;;;;;;;;;
A;243;0;DE VOORZORG Mechelen;;;SCHIJFSTRAAT 51;2800;Walem;  ;JA;700000;NEE;;NP;BE0403.635.212;Belgische BTW-plichtige;;;;EUR;14;na factuur datum;;;;;;;;;0;;;;;;;;;;
A;199;0;DHONDT CHRISTOPHE;;;OPPERSTRAAT 61;9180;Moerbeke-Waas;  ;NEE;;JA;615000;NP;BE0892.673.578;Belgische BTW-plichtige;;;;EUR;0;na factuur datum;;;;;;;;;0;;;;;;;;;;
A;252;0;DLN Mobiliteit;;;KERKHOFWEG 36;2430;Laakdal;  ;JA;700000;NEE;;NP;BE0841.224.679;Belgische BTW-plichtige;;;;EUR;14;na factuur datum;;;;;;;;;0;;;;;;;;;;
A;176;0;DONCKERS - WILRIJK;;;BOOMSESTEENWEG 609;2610;Wilrijk (Antwerpen);  ;NEE;;JA;611221;NP;BE0450.026.253;Belgische BTW-plichtige;;JVBABE22;BE55645107515744;EUR;30;na factuur datum;;;;;;;;;0;;;;;;;;;;
A;285;0;DPD (BELGIUM) NV;;;E WALSCHAERTSTRAAT 20;2800;Walem;  ;NEE;;JA;;NP;BE0449.294.102;Belgische BTW-plichtige;;;;EUR;0;na factuur datum;;;;;;;;;0;;;;;;;;;;
A;10;0;De Ketelaere;Berenie;;Wijzakstraat 4/6;8000;Brugge;BE;JA;700000;NEE;;NP;;Niet BTW-plichtige;;;;EUR;0;na factuur datum;;;;;;;;;0;;;;;;;;;;
A;55;0;De Maesschalck ;Philip;;Durmelaan 110;9160;Lokeren;BE;NEE;;JA;611210;BVBA;BE0442.716.710;Belgische BTW-plichtige;;;;EUR;0;na factuur datum;;;;;;;;;0;;;;;;;;;;
A;318;0;De Novo Interactive;;;;;;  ;NEE;;JA;604000;;FR604507739131;Intracommunautaire BTW-plichtige;;;;EUR;0;na factuur datum;;;;;;;;;0;;;;;;;;;;
A;320;0;De Paepe Roozie;;;Hillarestraat 20;9160;Lokeren;BE;NEE;;JA;;NP;BE0820.237.443;Belgische BTW-plichtige;;;;EUR;0;na factuur datum;;;;;;;;;0;;;;;;;;;;
A;6;0;De Rijcker;lse;;Xavier De Cocklaan 82;9830;Sint-Martens-Latem;BE;JA;700000;NEE;;BVBA;BE0885.672.851;Belgische BTW-plichtige;;;;EUR;0;na factuur datum;;;;;;;;;0;;;;;;;;;;
A;304;0;Debouver;Reinold;;;;;  ;JA;700000;NEE;;NP;;Particulier Belgie;;;;EUR;15;na factuur datum;;;;;;;;;0;;;;;;;;;;
A;82;0;Demolder Orthos ;;;Het Dorlik 12;3500;Hasselt;BE;JA;700000;NEE;;NV;BE0437.842.657;Belgische BTW-plichtige;;;;EUR;0;na factuur datum;;;;;;;;;0;;;;;;;;;;
A;148;0;Denet Pierre;;;Rued de Lonzee 15;5030;Beuzet;BE;JA;700000;NEE;;NP;;Particulier Belgie;;;;EUR;0;na factuur datum;;;;;;;;;0;;;;;;;;;;
A;36;0;Deneweth B. BVBA;;;Bruggesteenweg 64B;8830;Gits;BE;JA;700000;NEE;;BVBA;BE0479.884.932;Belgische BTW-plichtige;;;;EUR;0;na factuur datum;;;;;;;;;0;;;;;;;;;;
A;126;0;Derouck Mary;;;Ingendaellaan 61;1652;Alsemberg;BE;JA;700000;NEE;;NP;;Particulier Belgie;;;;EUR;0;na factuur datum;;;;;;;;;0;;;;;;;;;;
A;299;0;Dhont ;Michel;;;;;  ;JA;700000;NEE;;NP;;Particulier Belgie;;;;EUR;15;na factuur datum;;;;;;;;;0;;;;;;;;;;
A;43;0;Different Mobility;Ivan;;Weynesbaan 50;2820;Rijmenam;BE;JA;700000;NEE;;NP;BE0819.263.879;Belgische BTW-plichtige;;;;EUR;15;na factuur datum;;;;;;;;;0;;;;;;;;;;
A;61;0;Displaywinkel;;;teteringsedijk 58;4817;MH breda;NL;NEE;;JA;612320;NP;;Belgische BTW-plichtige;;;;EUR;0;na factuur datum;;;;;;;;;0;;;;;;;;;;
A;113;0;Diverse leveranciers;;;;;;  ;NEE;;JA;;NP;;Belgische BTW-plichtige;;;;EUR;0;na factuur datum;;;;;;;;;0;;;;;;;;;;
A;108;0;E-Shopinvest ;;;Izegemseaardeweg 144 B1;8800;Beveren (Roeselare);BE;NEE;;JA;614310;NV;BE0806.661.106;Belgische BTW-plichtige;;;;EUR;0;na factuur datum;;;;;;;;;0;;;;;;;;;;
A;268;0;EDS ORTHOPEDIE;;;GROTE STEENWEG 117;2550;Kontich;BE;JA;700000;NEE;;NP;BE0459.578.674;Belgische BTW-plichtige;;;;EUR;15;na factuur datum;;;;;;;;;0;;;;;;;;;;
A;145;0;EUROPROTHESE;;;BD DE SMET NAEYER 212;1090;Jette;  ;JA;700000;NEE;;NP;BE0820.737.091;Belgische BTW-plichtige;;;;EUR;0;na factuur datum;;;;;;;;;0;;;;;;;;;;
A;201;0;Energie Medical -  SAS GROUPE GAILLARD;;;"ZA DU VERDALAI,LOT LE VERDALAI";13790;;FR;JA;700100;NEE;;;FR09303616304;Intracommunautaire BTW-plichtige;;;;EUR;30;na factuur datum;;;;;;;;;1;;;;;;;;;;
A;73;0;Ergo Home Consult;;;Rue du pont Neuf 2;6238;Luttre;BE;JA;700000;NEE;;NP;BE0785.214.208;Belgische BTW-plichtige;;;;EUR;0;na factuur datum;;;;;;;;;0;;;;;;;;;;
A;209;0;Ergovie;;;1 Rue de la Sauvaie CS 46332;35063;Rennes;FR;JA;700100;NEE;;;FR07349524819;Intracommunautaire BTW-plichtige;;;;EUR;30;na factuur datum;;;;;;;;;1;;;;;;;;;;
A;231;0;Escapo;;;ANTWERPSESTEENWEG 263;2800;Walem;  ;NEE;;JA;604000;CVBA;BE0449.707.638;Belgische BTW-plichtige;;;;EUR;0;na factuur datum;;;;;;;;;0;;;;;;;;;;
A;229;0;Extensoft;;;;;;  ;NEE;;JA;;Inc.;;Niet BTW-plichtige;;;;EUR;0;na factuur datum;;;;;;;;;0;;;;;;;;;;
A;303;0;Eyeworks;;;FABRIEKSSTRAAT 43;1930;Nossegem;  ;JA;700000;NEE;;NP;BE0863.293.961;Belgische BTW-plichtige;;;;EUR;15;na factuur datum;;;;;;;;;0;;;;;;;;;;
A;264;0;FAVERGES MEDICAL;;;"23 RUE DU TABELLION,74210 FAVERGES ";;;  ;JA;700100;NEE;;NP;FR52503984239;Intracommunautaire BTW-plichtige;;;;EUR;15;na factuur datum;;;;;;;;;1;;;;;;;;;;
A;156;0;FILIBERKEN;;;HEIKANT 176;9240;Zele;  ;NEE;;JA;611211;NP;BE0887.469.628;Belgische BTW-plichtige;;;;EUR;0;na factuur datum;;;;;;;;;0;;;;;;;;;;
A;249;0;FLEURUS MEDICAL hq;;;AVENUE DU MARQUIS(FL) SN;6220;Fleurus;  ;JA;700000;NEE;;NP;BE0440.592.608;Belgische BTW-plichtige;;;;EUR;14;na factuur datum;;;;;;;;;1;;;;;;;;;;
A;293;0;FUSEO VERTOMMEN KEVIN;;;WELVAARTSTRAAT 62;2590;Berlaar;  ;NEE;;JA;;NP;BE0500.516.040;Belgische BTW-plichtige;;;;EUR;0;na factuur datum;;;;;;;;;0;;;;;;;;;;
A;65;0;Facebook Ireland Ltd;;;Hannover Reach 5-7;;;IE;NEE;;JA;614000;NP;IE9692928;Intracommunautaire BTW-plichtige;;;;EUR;0;na factuur datum;;;;;;;;;0;;;;;;;;;;
A;218;0;Favete Entreprenad AB;;;Heliosgatan 43;BV12063;Stockholm;SE;JA;700000;NEE;;;SE556809567201;Intracommunautaire BTW-plichtige;;;;EUR;0;na factuur datum;;;;;;;;;0;;;;;;;;;;
A;17;0;Fellow - Roll ;;;Oostergracht 44;3763;LZ Soest;NL;NEE;;JA;604000;BV;NL814672036B01;Intracommunautaire BTW-plichtige;;;;EUR;0;na factuur datum;;;;;;;;;0;;;;;;;;;;
A;169;0;Flandre Medical;;;1 Place Saint Piat;59113;Seclin;FR;JA;700100;NEE;;NP;FR77411673874;Intracommunautaire BTW-plichtige;;;;EUR;15;na factuur datum;;;;;;;;;1;;;;;;;;;;
A;326;0;Flyer;;;DORPSSTRAAT 175;8340;Damme;  ;NEE;;JA;614000;BVBA;BE0888.393.405;Belgische BTW-plichtige;;;;EUR;0;na factuur datum;;;;;;;;;0;;;;;;;;;;
A;280;0;Forta;;;Poligono Industrial Campollano Calle C;02007;Albacete;BE;JA;;JA;604000;NP;ESB02237725;Intracommunautaire BTW-plichtige;;;;EUR;60;na factuur datum;;;;;;;;;2;;;;;;;;;;
A;50;0;Fremineur - Medical;;;Sint-Jansplein 10;1000;Brussel;BE;JA;700000;NEE;;VZW;BE0401.953.845;Belgische BTW-plichtige;;;;EUR;0;na factuur datum;;;;;;;;;0;;;;;;;;;;
A;125;0;GMedi;;;Rue de pepinster 55;4800;Verviers;BE;JA;700000;JA;;NP;BE0402.307.894;Belgische BTW-plichtige;;;;EUR;0;na factuur datum;;;;;;;;;0;;;;;;;;;;
A;151;0;GZA;;;SINT-AUGUSTINUSLAAN 20;2610;Wilrijk (Antwerpen);  ;JA;700000;NEE;;NP;BE0428.651.017;Belgische BTW-plichtige;;;;EUR;0;na factuur datum;;;;;;;;;0;;;;;;;;;;
A;181;0;Gamma;;;NOORDERLAAN 99A;2030;Antwerpen;  ;NEE;;JA;;NP;BE0453.374.337;Belgische BTW-plichtige;;;;EUR;0;na factuur datum;;;;;;;;;0;;;;;;;;;;
A;232;0;Garage De Vos;;;BRANDSTRAAT 19;9160;Daknam;  ;NEE;;JA;;BVBA;BE0426.762.287;Belgische BTW-plichtige;;;;EUR;0;na factuur datum;;;;;;;;;0;;;;;;;;;;
A;174;0;Gondrand;;;Van Kerckhovenstraat 117;2880;Bornem;BE;NEE;;JA;613300;NP;BE0403.361.830;Belgische BTW-plichtige;;GKCCBEBB;BE67550271590087;EUR;30;na factuur datum;;;;;;;;;0;;;;;;;;;;
A;33;0;Google Ireland;;;Barrow street;4;Dublin;IE;NEE;;JA;614000;Ltd;IE6388047V;Intracommunautaire BTW-plichtige;;;;EUR;0;na factuur datum;;;;;;;;;0;;;;;;;;;;
A;24;0;Guthorel;;;Schoolstraat 58-60;9160;Lokeren;BE;NEE;;JA;612320;NP;BE0721.140.560;Belgische BTW-plichtige;;;;EUR;0;na factuur datum;;;;;;;;;0;;;;;;;;;;
A;93;0;H. Hart Ziekenhuis Roeselare;;;Wilgenstraat 2;8800;Beveren (Roeselare);BE;JA;700000;NEE;;VZW;BE0409.779.072;Belgische BTW-plichtige;;;;EUR;0;na factuur datum;;;;;;;;;0;;;;;;;;;;
A;233;0;HK Waasland;;;GUIDO GEZELLESTRAAT 4;9250;Waasmunster;  ;NEE;;JA;614000;VZW;BE0434.322.250;Belgische BTW-plichtige;;;;EUR;0;na factuur datum;;;;;;;;;0;;;;;;;;;;
A;205;0;HMC Hulmiddelen centrale;;;E 3 LAAN 89;9800;Vinkt;BE;JA;700000;NEE;;NV;BE0460.436.234;Belgische BTW-plichtige;;;;EUR;14;na factuur datum;;;;;;;;;0;;;;;;;;;;
A;223;0;HOSPITHOME SPRL;;;RUE DE GOBERTANGE 7;1370;Jodoigne;BE;JA;700000;NEE;;BVBA;BE0833.892.271;Belgische BTW-plichtige;;;;EUR;15;na factuur datum;;;;;;;;;0;;;;;;;;;;
A;63;0;Haentjens Accountants & Belastingconsulenten;;;Tweebruggenstraat 32  0001;9160;Lokeren;BE;NEE;;JA;613210;BVBA;BE0432.680.574;Belgische BTW-plichtige;;;;EUR;0;na factuur datum;;;;;;;;;0;;;;;;;;;;
A;197;0;Handica PRH;;;"5 RUE DE LA CLAIRE,69009 LYON 9EME ";;;  ;NEE;;JA;615200;NP;FR96384526943;Belgische BTW-plichtige;;;;EUR;30;na factuur datum;;;;;;;;;1;;;;;;;;;;
A;321;0;Handicap.fr;;;"59 RUE DE L ABONDANCE,69003 LYON 3EME";;;  ;NEE;;JA;;NP;FR05442755948;Intracommunautaire BTW-plichtige;;;;EUR;0;na factuur datum;;;;;;;;;0;;;;;;;;;;
A;147;0;Hermans Mady;;;Korbeeklosestraat 13;3001;Heverlee;BE;JA;700000;NEE;;NP;;Particulier Belgie;;;;EUR;0;na factuur datum;;;;;;;;;0;;;;;;;;;;
A;258;0;Hertz France;;;"IMMEUBLE FUTURA 3 1 A 3,1 RUE DE WESTPHALIE,78180 MONTIGNY LE BRETONNEUX ";;;  ;NEE;;JA;613310;;FR02377839667;Belgische BTW-plichtige;;;;EUR;0;na factuur datum;;;;;;;;;0;;;;;;;;;;
A;289;0;Hopitaux Iris Sud;;;Rue Baron Lambert 38;1040;Etterbeek;BE;JA;700000;NEE;;NP;;Niet BTW-plichtige;;;;EUR;15;na factuur datum;;;;;;;;;1;;;;;;;;;;
A;302;0;Hoppenbrouwers;Marcel;;;;;  ;JA;700000;NEE;;NP;;Particulier Belgie;;;;EUR;15;na factuur datum;;;;;;;;;0;;;;;;;;;;
A;228;0;Hortima Verbeke (ML-Groep);;;KAPELSESTEENWEG 127;2180;» Antwerpen «;  ;NEE;;JA;;NV;BE0828.621.213;Belgische BTW-plichtige;;;;EUR;0;na factuur datum;;;;;;;;;0;;;;;;;;;;
A;56;0;Hotel De Witte Lelie;;;Keizerstraat 16-18;2000;Antwerpen;BE;NEE;;JA;;NP;BE0444.610.386;Belgische BTW-plichtige;;;;EUR;0;na factuur datum;;;;;;;;;0;;;;;;;;;;
A;183;0;Hubo Lokeren;;;VRIJHEIDSPLEIN 17;9160;Daknam;  ;NEE;;JA;;NP;BE0455.691.647;Belgische BTW-plichtige;293010371072;;;EUR;0;na factuur datum;;;;;;;;;0;;;;;;;;;;
A;319;0;Human Care;;;"ÅRSTAÄNGSVÄGEN 21 C ,117 43 STOCKHOLM";;;  ;NEE;;JA;604000;NP;SE556494633201;Belgische BTW-plichtige;;;;EUR;0;na factuur datum;;;;;;;;;0;;;;;;;;;;
A;160;0;IKEA BELGIUM;;;WEIVELDLAAN 19;1930;Nossegem;  ;NEE;;JA;611111;NP;BE0425.258.688;Belgische BTW-plichtige;;;;EUR;0;na factuur datum;;;;;;;;;0;;;;;;;;;;
A;130;0;IT PRO;;;BLAUWTORENPLEIN 8;2000;Antwerpen;  ;NEE;;JA;611111;NP;BE0446.491.988;Belgische BTW-plichtige;;;;EUR;0;na factuur datum;;;;;;;;;0;;;;;;;;;;
A;96;0;Imeldaziekenhuis Bonheiden;;;Imeldalaan 9;2820;Bonheiden;BE;JA;700000;NEE;;VZW;BE0409.835.490;Belgische BTW-plichtige;;;;EUR;0;na factuur datum;;;;;;;;;0;;;;;;;;;;
A;87;0;In-Step Mobility Products;;;8027 Monticello Avenue;60076;Skokie;US;NEE;;JA;604000;NP;;BTW-plichtige buiten EU;;;;EUR;0;na factuur datum;;;;;;;;;0;;;;;;;;;;
A;3;0;Inaras;;;Brusselsesteenweg 708 a;9050;Gentbrugge;BE;NEE;;JA;611900;NV;BE0477.525.753;Belgische BTW-plichtige;737-0055827-95;KREDBEBB;BE76737005582795;EUR;;na factuur datum;Octopus Internetboekhouden www.internetboekhouden.be  Comptabilité par Internet www.e-compta.be ;09 232 52 55;;09 232 52 58;support@octopus.be;;;;0;;;;;;;;;;
A;112;0;Indito;;;Napelsstraat 63 bus 33;2000;Antwerpen;BE;NEE;;JA;614000;NP;BE0806.083.064;Belgische BTW-plichtige;;;;EUR;0;na factuur datum;;;;;;;;;0;;;;;;;;;;
A;12;0;Inkendaal Revalidatieziekenhuis;;;Inkendaalstraat 1;1602;Vlezenbeek;BE;JA;700000;NEE;;NP;;Niet BTW-plichtige;;;;EUR;0;na factuur datum;;;;;;;;;0;;;;;;;;;;
A;257;0;Inter Flower;;;EEKSTRAAT 70;9160;Daknam;  ;NEE;;JA;614500;BVBA;BE0449.534.028;Belgische BTW-plichtige;;;;EUR;0;na factuur datum;;;;;;;;;0;;;;;;;;;;
A;64;0;Interband ;;;Oeverstraat 12;9160;Lokeren;BE;NEE;;JA;611221;NV;BE0418.304.580;Belgische BTW-plichtige;;;;EUR;0;na factuur datum;;;;;;;;;0;;;;;;;;;;
A;164;0;Itunes;;;;;;  ;NEE;;JA;612320;NP;;Intracommunautaire BTW-plichtige;;;;EUR;0;na factuur datum;;;;;;;;;0;;;;;;;;;;
A;21;0;J2 Global Ireland Limited;;;Woodford Business Park;;Dublin;IE;NEE;;JA;612330;Ltd;IE6399517U;Intracommunautaire BTW-plichtige;;;;EUR;0;na factuur datum;;;;;;;;;0;;;;;;;;;;
A;235;0;Jones - Van Hecke;;;KON. BOUDEWIJNLAAN 7;9160;Daknam;  ;NEE;;JA;611211;BVBA;BE0894.699.393;Belgische BTW-plichtige;;;;EUR;0;na factuur datum;;;;;;;;;0;;;;;;;;;;
A;314;0;KEIJZER Comfortwinkel;;;",UTRECHTSEWEG 00084,6862AN OOSTERBEEK,";;;  ;JA;700400;NEE;;NP;NL851425483B01;BTW-plichtige buiten EU;;;;EUR;15;na factuur datum;;;;;;;;;0;;;;;;;;;;
A;196;0;KVL VAN LOO KENNY;;;ZAFFELARE-DORP 77;9080;Beervelde;  ;NEE;;JA;611210;NP;BE0643.437.325;Belgische BTW-plichtige;;;;EUR;30;na factuur datum;;;;;;;;;0;;;;;;;;;;
A;311;0;Kaphingst online;;;"Niederwettesche strabe, 1";35094 ;Lahntal;DE;JA;700100;NEE;;NP;DE814218512;BTW-plichtige buiten EU;;;;EUR;15;na factuur datum;;;;;;;;;0;;;;;;;;;;
A;260;0;Keessmit tuinmeubelen;;;;;;  ;NEE;;JA;;BV;;Belgische BTW-plichtige;;;;EUR;0;na factuur datum;;;;;;;;;0;;;;;;;;;;
A;273;0;Kersting Rechatechnik;;;"209, RUE DES ROMAINS,L-8041  BERTRANGE";;;  ;JA;;NEE;;NP;LU16204565;Intracommunautaire BTW-plichtige;;;;EUR;14;na factuur datum;;;;;;;;;1;;;;;;;;;;
A;309;0;Korf-Rosier ;Marie-Jeanne;;;;;  ;JA;;JA;700100;NP;;Particulier EU;;;;EUR;15;na factuur datum;;;;;;;;;0;;;;;;;;;;
A;240;0;LA PLATEFORME MEDICALE PACA;;;"ZI TOULON EST,74 RUE AMPERE,83210 LA FARLEDE";;;  ;JA;700100;NEE;;NP;FR56499072031;Intracommunautaire BTW-plichtige;;;;EUR;14;na factuur datum;;;;;;;;;1;;;;;;;;;;
A;146;0;LEHNER;;;RUE GENERAL EENENS 96;1030;Schaarbeek;  ;JA;700000;NEE;;NP;BE0424.621.359;Belgische BTW-plichtige;;;;EUR;30;na factuur datum;;;;;;;;;1;;;;;;;;;;
A;250;0;LMOPA ;;;"RUE SYLVAIN REBRIOUX,LE CHAMP DU BOIS,36130 DEOLS ";;;  ;JA;700100;NEE;;NP;FR45441337789;Intracommunautaire BTW-plichtige;;;;EUR;14;na factuur datum;;;;;;;;;1;;;;;;;;;;
A;287;0;Laerenbergh Demont;;;"Ternesselei, 245";2160;Wommelgem;BE;JA;;JA;700000;NP;BE0450.819.871;Belgische BTW-plichtige;;;;EUR;15;na factuur datum;;;;;;;;;0;;;;;;;;;;
A;100;0;Le Carre Medical strasbourg;;;Rue Paul Rohmer 2;67200;strasbourg;FR;JA;700100;NEE;;NP;FR56440466183;Intracommunautaire BTW-plichtige;;;;EUR;0;na factuur datum;;;;;;;;;0;;;;;;;;;;
A;265;0;Le carre medical Grenoble;;;;;;  ;JA;700100;NEE;;NP;FR74454020678;Intracommunautaire BTW-plichtige;;;;EUR;15;na factuur datum;;;;;;;;;1;;;;;;;;;;
A;58;0;Leen Bakker België;;;Antwerpsestraat 36;2500;Lier;BE;NEE;;JA;612320;NV;BE0427.448.514;Belgische BTW-plichtige;;;;EUR;0;na factuur datum;;;;;;;;;0;;;;;;;;;;
A;171;0;Littoral Medical;;;8 Rue des Troènes;34750;Villeneuve les Maguelone;FR;JA;700100;NEE;;NP;FR31492283122;Intracommunautaire BTW-plichtige;;;;EUR;15;na factuur datum;;;;;;;;;1;;;;;;;;;;
A;60;0;Loka ;;;Vrijheidsplein 17;9160;Lokeren;BE;NEE;;JA;611210;BVBA;BE0455.691.647;Belgische BTW-plichtige;;;;EUR;0;na factuur datum;;;;;;;;;0;;;;;;;;;;
A;123;0;Luc Medical Maison;;;Place Saint - jean 7;1000;Brussel;BE;JA;700000;NEE;;NP;BE0832.078.668;Belgische BTW-plichtige;;;;EUR;15;na factuur datum;;;;;;;;;1;;;;;;;;;;
A;327;0;Lucien De Beule;;;ZELESTRAAT 3;9160;Daknam;  ;NEE;;JA;;BVBA;BE0432.719.671;Belgische BTW-plichtige;;;;EUR;0;na factuur datum;;;;;;;;;0;;;;;;;;;;
A;116;0;Léon Lousberg;;;Chemin de la platte 54;4845;Jalhay;BE;JA;700000;NEE;;NP;;Particulier Belgie;;;;EUR;0;na factuur datum;;;;;;;;;0;;;;;;;;;;
A;124;0;MB Mobility;;;Donkweg 63;2910;Essen;BE;JA;700000;NEE;;NP;BE0873.624.758;Belgische BTW-plichtige;;;;EUR;0;na factuur datum;;;;;;;;;0;;;;;;;;;;
A;295;0;MEDI-NAM;;;RUE DES CROISIERS 13;5000;Beez;  ;JA;700000;NEE;;NP;BE0534.837.115;Belgische BTW-plichtige;;;;EUR;15;na factuur datum;;;;;;;;;1;;;;;;;;;;
A;206;0;MEDICAL 59 SARL;;;15 RUE NATIONALE;59200;;FR;JA;700100;NEE;;;FR36343417838;Intracommunautaire BTW-plichtige;;;;EUR;0;na factuur datum;;;;;;;;;0;;;;;;;;;;
A;276;0;MEDICO VERGAELEN ENGELBORGHS;;;HOGESTEENWEG 8;1850;Grimbergen;  ;JA;700000;NEE;;NP;BE0477.697.878;Belgische BTW-plichtige;;;;EUR;15;na factuur datum;;;;;;;;;0;;;;;;;;;;
A;211;0;MEDIOTHEEK BOND MOYSON VZW;;;TRAMSTRAAT 69;9052;Zwijnaarde;BE;JA;700000;NEE;;VZW;BE0445.071.533;Belgische BTW-plichtige;;;;EUR;14;na factuur datum;;;;;;;;;0;;;;;;;;;;
A;214;0;MEDISERVE BVBA;;;Graanmarkt 27;9400;Ninove;BE;JA;;NEE;;BVBA;BE0476.862.292;Belgische BTW-plichtige;;;;EUR;14;na factuur datum;;;;;;;;;0;;;;;;;;;;
A;135;0;MPB Inhaber Hans-Georg Pieper;;;Dunlopstrasse 18;33689;Bielefeld;BE;NEE;;JA;604000;NP;DE201010301;Intracommunautaire BTW-plichtige;;;;EUR;8;na factuur datum;;;;;;;;;0;;;;;;;;;;
A;89;0;MS Kliniek Overpelt;;;Boemerangstraat 2;3900;Overpelt;BE;JA;700000;NEE;;VZW;BE0414.336.290;Belgische BTW-plichtige;;;;EUR;0;na factuur datum;;;;;;;;;0;;;;;;;;;;
A;41;0;MS SZ;;;Merestraat 80;9300;Aalst;BE;JA;;NEE;;VZW;BE0432.956.728;Belgische BTW-plichtige;;;;EUR;0;na factuur datum;;;;;;;;;0;;;;;;;;;;
A;97;0;Maison de la santé;;;Rue de Nivelles 1;1440;Braine-le-Château;BE;JA;700000;NEE;;NP;BE0844.173.182;Belgische BTW-plichtige;;;;EUR;0;na factuur datum;;;;;;;;;0;;;;;;;;;;
A;110;0;Mama Shelter;;;Rue de bagnolet 109;75020;Farijs;FR;NEE;;JA;;NP;;Belgische BTW-plichtige;;;;EUR;0;na factuur datum;;;;;;;;;0;;;;;;;;;;
A;127;0;Matton Brussel;;;Keizer karellaan 311;1083;Ganshoren;BE;JA;700000;NEE;;NP;BE0431.435.610;Belgische BTW-plichtige;;;;EUR;0;na factuur datum;;;;;;;;;0;;;;;;;;;;
A;77;0;Medeios;;;gaston Fabrelaan 50;2610;Wilrijk (Antwerpen);BE;JA;700000;NEE;;NP;BE0839.026.640;Belgische BTW-plichtige;;;;EUR;15;na factuur datum;;;;;;;;;0;;;;;;;;;;
A;187;0;Medical Diffusion;;;Rue des Croisiers 13;5000;Namur;BE;JA;700000;NEE;;NP;BE0461.490.168;Belgische BTW-plichtige;;;;EUR;0;na factuur datum;;;;;;;;;0;;;;;;;;;;
A;277;0;Medical Diffusion Andenne;;;Rue Brun 31;5300;Andenne;BE;JA;700000;NEE;;NP;BE0461.490.168;Belgische BTW-plichtige;;;;EUR;15;na factuur datum;;;;;;;;;1;;;;;;;;;;
A;271;0;Medical Diffussion Wavre;;;RUE HAUTE 20;1300;Limal;  ;JA;700000;NEE;;NP;BE0828.193.720;Belgische BTW-plichtige;;;;EUR;15;na factuur datum;;;;;;;;;1;;;;;;;;;;
A;68;0;Medical Mut;;;Boulevard des Fortifications 12;5600;Philippeville;BE;JA;700000;NEE;;NP;BE0454.659.784;Belgische BTW-plichtige;;;;EUR;0;na factuur datum;;;;;;;;;0;;;;;;;;;;
A;79;0;Medicaline;;;Chaussée de waterloose steenweg 648;1050;Elsene;BE;JA;700000;NEE;;NP;BE0432.152.816;Belgische BTW-plichtige;;;;EUR;15;na factuur datum;;;;;;;;;0;;;;;;;;;;
A;286;0;Medicotheek De voorzorg Limburg;;;GUFFENSLAAN 22;3500;Hasselt;  ;JA;700000;NEE;;NP;BE0424.546.135;Belgische BTW-plichtige;;;;EUR;15;na factuur datum;;;;;;;;;0;;;;;;;;;;
A;221;0;Medishop Bond Moyson West Vlaanderen;;;P KENNEDYPARK 2;8500;Kortrijk;BE;JA;700000;NEE;;VZW;BE0413.903.651;Belgische BTW-plichtige;;;;EUR;15;na factuur datum;;;;;;;;;0;;;;;;;;;;
A;105;0;Mobile For;;;Koning Albert II-laan 27;1030;Schaarbeek;BE;NEE;;JA;613330;NV;;Belgische BTW-plichtige;;;;EUR;0;na factuur datum;;;;;;;;;0;;;;;;;;;;
A;45;0;Mobilife ;;;Torhoutsesteenweg 365b;8200;Brugge;BE;JA;700000;NEE;;BVBA;BE0838.737.719;Belgische BTW-plichtige;;;;EUR;15;na factuur datum;;;;;;;;;0;;;;;;;;;;
A;92;0;Mobility;;;Affligemsestraat 437 bus 1;1770;Liedekerke;BE;JA;700000;NEE;;NP;BE0814.785.548;Belgische BTW-plichtige;;;;EUR;0;na factuur datum;;;;;;;;;0;;;;;;;;;;
A;294;0;Mobistar Center / AUDIOMIX;;;LIERSESTEENWEG 321;3130;Betekom;  ;NEE;;JA;;BVBA;BE0453.445.504;Belgische BTW-plichtige;;;;EUR;0;na factuur datum;;;;;;;;;0;;;;;;;;;;
A;72;0;Module Sante;;;Rue de la neuville 70;6000;Charleroi;BE;JA;700000;NEE;;NP;BE0452.580.224;Belgische BTW-plichtige;;;;EUR;0;na factuur datum;;;;;;;;;0;;;;;;;;;;
A;312;0;Mulder Zorgwinkel;;;",LANGEKAMP 00007,8431PR OOSTERWOLDE FR,";;;  ;JA;700400;NEE;;NP;NL094885126B01;BTW-plichtige buiten EU;;;;EUR;15;na factuur datum;;;;;;;;;0;;;;;;;;;;
A;29;0;Multiple Sclerose Liga Vlaandren;;;Boemerangstraat 4;3900;Overpelt;BE;NEE;;JA;614000;NP;;Niet BTW-plichtige;;;;EUR;0;na factuur datum;;;;;;;;;0;;;;;;;;;;
A;141;0;NG - THUISZORGWINKEL  HQ WEST-VLAANDEREN;;;"Brugsesteenweg,371";8800;Beveren (Roeselare);BE;JA;700000;NEE;;NP;BE0821.092.330;Belgische BTW-plichtige;;;;EUR;0;na factuur datum;;;;;;;;;0;;;;;;;;;;
A;4;0;NG - THUISZORGWINKEL WEST-VLAANDEREN;;;BEVERENSESTRAAT 68 B;8850;Ardooie;BE;JA;700000;NEE;;NP;BE0821.092.330;Belgische BTW-plichtige;;;;EUR;0;na factuur datum;;;;;;;;;0;;;;;;;;;;
A;38;0;O.L.V. VAN LOURDES ZIEKENHUIS;;;VIJFSEWEG 150;8790;Waregem;BE;JA;;NEE;;VZW;BE0405.460.592;Belgische BTW-plichtige;;;;EUR;0;na factuur datum;;;;;;;;;0;;;;;;;;;;
A;269;0;OPZ Geel;;;;;;  ;JA;;NEE;;NP;;Niet BTW-plichtige;;;;EUR;15;na factuur datum;;;;;;;;;0;;;;;;;;;;
A;270;0;ORTHO - MEDI;;;DIKSMUIDSE HEERWEG 36;8200;Sint-Andries;  ;JA;;NEE;;NP;BE0823.497.039;Belgische BTW-plichtige;;;;EUR;15;na factuur datum;;;;;;;;;0;;;;;;;;;;
A;149;0;ORTHO-KIN;;;TOEKOMSTSTRAAT 41;8500;Kortrijk;  ;JA;700000;NEE;;NP;BE0820.921.490;Belgische BTW-plichtige;;;;EUR;0;na factuur datum;;;;;;;;;0;;;;;;;;;;
A;144;0;ORTHOPEDIC;;;CHEE DE NAMUR 51;1300;Limal;  ;JA;700000;NEE;;NP;BE0433.672.449;Belgische BTW-plichtige;;;;EUR;15;na factuur datum;;;;;;;;;1;;;;;;;;;;
A;239;0;ORTHOPEDIE DE RYCKER Geert;;;OTTERGEMSESTEENWEG-ZUID 731;9000;Gent;BE;JA;;NEE;;NP;BE0464.230.320;Belgische BTW-plichtige;;;;EUR;0;na factuur datum;;;;;;;;;0;;;;;;;;;;
A;203;0;ORTHOPEDIE PROTECHNIK;;;BLD INITIALIS 6;7000;Mons;BE;JA;700000;NEE;;NV;BE0463.549.340;Belgische BTW-plichtige;;;;EUR;14;na factuur datum;;;;;;;;;1;;;;;;;;;;
A;210;0;ORTHOPEDIE VAN HAESENDONCK NV;;;LÉON SCHREURSVEST 69-71;3001;Heverlee;BE;JA;700000;NEE;;NV;BE0434.467.354;Belgische BTW-plichtige;;;;EUR;30;na factuur datum;;;;;;;;;0;;;;;;;;;;
A;150;0;ORTHOSHOP;;;;9051;Afsnee;  ;JA;700000;NEE;;NP;BE0406.337.156;Belgische BTW-plichtige;;;;EUR;0;na factuur datum;;;;;;;;;0;;;;;;;;;;
A;278;0;OT Stores;;;PO Box 234;WR141QB;Malvern;GB;NEE;;JA;604000;NP;UK687321904;Intracommunautaire BTW-plichtige;;;;EUR;30;na factuur datum;;;;;;;;;2;;;;;;;;;;
A;244;0;OZ-SHOP Onafhankelijke Ziekenfonds;;;BOOMSESTEENWEG 5;2610;Wilrijk (Antwerpen);  ;JA;700000;NEE;;NP;BE0883.907.352;Belgische BTW-plichtige;;;;EUR;14;na factuur datum;;;;;;;;;0;;;;;;;;;;
A;182;0;Octopus;;;BRUSSELSESTWG 708;9050;Gentbrugge;  ;NEE;;JA;612330;NP;BE0477.525.753;Belgische BTW-plichtige;;;;EUR;30;na factuur datum;;;;;;;;;0;;;;;;;;;;
A;175;0;Onlinestempels;;;Filsstrasse 29;71679;Asperg;DE;NEE;;JA;612320;NP;;Intracommunautaire BTW-plichtige;;GEBABEBB;BE20001651178456;EUR;10;na factuur datum;;;;;;;;;0;;;;;;;;;;
A;57;0;Onmiddellijke inningen;;;;;;  ;NEE;;JA;643000;NP;;Belgische BTW-plichtige;;;;EUR;0;na factuur datum;;;;;;;;;0;;;;;;;;;;
A;142;0;Ontbrekende factuur;;;;;;  ;JA;700000;NEE;;NP;;Belgische BTW-plichtige;;;;EUR;0;na factuur datum;;;;;;;;;0;;;;;;;;;;
A;84;0;Ortho + Selvais ;;;Rue du vivier 110;6600;Bastogne;BE;JA;700000;NEE;;NV;BE0426.135.945;Belgische BTW-plichtige;;;;EUR;0;na factuur datum;;;;;;;;;0;;;;;;;;;;
A;71;0;Ortho eghezée - calaer;;;Rue de la chapelle 15;5310;Eghezée;BE;JA;700000;NEE;;NP;BE0867.582.945;Belgische BTW-plichtige;;;;EUR;15;na factuur datum;;;;;;;;;1;;;;;;;;;;
A;267;0;Ortho-Feskens;;;KAPELLEI 9;2980;Zoersel;  ;JA;700000;NEE;;NP;BE0434.253.855;Belgische BTW-plichtige;;;;EUR;15;na factuur datum;;;;;;;;;0;;;;;;;;;;
A;40;0;Orthomed;;;Henry Fordlaan 43;3600;Genk;BE;JA;700000;NEE;;BVBA;BE0464.320.984;Belgische BTW-plichtige;;;;EUR;15;na factuur datum;;;;;;;;;0;;;;;;;;;;
A;80;0;Orthopedia;;;Avenue Blonden 66;4000;Liège;BE;JA;700000;NEE;;NP;BE0818.139.570;Belgische BTW-plichtige;;;;EUR;0;na factuur datum;;;;;;;;;0;;;;;;;;;;
A;39;0;Orthopedie Bandagist Raes;;;Hamelstraat 27;3800;Sint-Truiden;BE;JA;700000;NEE;;BVBA;BE0471.462.758;Belgische BTW-plichtige;;;;EUR;0;na factuur datum;;;;;;;;;0;;;;;;;;;;
A;308;0;Orthopedie Mestdag;;;AVEN DE LA REFORME 76/39;1083;Ganshoren;  ;JA;;JA;700000;NP;BE0843.124.889;Belgische BTW-plichtige;;;;EUR;15;na factuur datum;;;;;;;;;1;;;;;;;;;;
A;75;0;Orthopedie Thuer;;;herentalsebaan 414-416;2100;Deurne (Antwerpen);BE;JA;700000;NEE;;NP;BE0422.451.430;Belgische BTW-plichtige;;;;EUR;15;na factuur datum;;;;;;;;;0;;;;;;;;;;
A;275;0;Orthoshop Eeklo;;;"Boelare, 67";9900;Eeklo;BE;JA;700000;NEE;;NP;BE0432.703.934;Niet BTW-plichtige;;;;EUR;15;na factuur datum;;;;;;;;;0;;;;;;;;;;
A;91;0;Orthoshop Knokke;;;Gemeenteplein 20 B02;8300;Knokke;BE;JA;700000;NEE;;NP;BE0677.179.665;Belgische BTW-plichtige;;;;EUR;0;na factuur datum;;;;;;;;;0;;;;;;;;;;
A;121;0;Ortomediline;;;Place Emile de Lalieux 10;1400;Nivelles;BE;JA;700000;NEE;;NP;BE0459.643.408;Belgische BTW-plichtige;;;;EUR;0;na factuur datum;;;;;;;;;0;;;;;;;;;;
A;307;0;PASOLO;;;"256 RUE FRANCIS DE PRESSENSE,69100 VILLEURBANNE ";;;  ;JA;;JA;700100;NP;FR63539094201;BTW-plichtige buiten EU;;;;EUR;15;na factuur datum;;;;;;;;;1;;;;;;;;;;
A;207;0;PAUWELS ORTHOPEDIE BVBA;;;BONDGENOTENLAAN 72;3000;Leuven;  ;JA;700000;NEE;;BVBA;BE0839.276.167;Belgische BTW-plichtige;;;;EUR;14;na factuur datum;;;;;;;;;0;;;;;;;;;;
A;20;0;PFP Logistics Distribution;;;Mechelsesteenweg 584;1800;Vilvoorde;BE;NEE;;JA;613300;NP;BE0832.188.239;Belgische BTW-plichtige;;KREDBEBB;BE07435202224266;EUR;30;na factuur datum;;;;;;;;;0;;;;;;;;;;
A;262;0;PHARMACIE SOTIAUX;;;CHEE DE BRUXELLES 676;1410;Waterloo;BE;JA;700000;NEE;;NP;BE0450.414.253;Belgische BTW-plichtige;;;;EUR;15;na factuur datum;;;;;;;;;0;;;;;;;;;;
A;219;0;PHARMACIE SOUSSY;;;47 AV ROGER SALENGRO;94500;;FR;JA;700100;NEE;;;FR70433313343;Intracommunautaire BTW-plichtige;;;;EUR;30;na factuur datum;;;;;;;;;1;;;;;;;;;;
A;279;0;Pabags;;;Bekerheide 6;5741HC;Been en Donk;NL;NEE;;JA;604000;NP;NL852185960801;Intracommunautaire BTW-plichtige;;;;EUR;30;na factuur datum;;;;;;;;;0;;;;;;;;;;
A;111;0;Passman S.A.S;;;;69100;Villeurbanne;FR;NEE;;JA;;NP;FR56402091722;Intracommunautaire BTW-plichtige;;;;EUR;0;na factuur datum;;;;;;;;;0;;;;;;;;;;
A;234;0;Paul Van Der Vliet;;;ENDSTRAAT 5;2490;Balen;  ;NEE;;JA;;BVBA;BE0460.787.711;Belgische BTW-plichtige;;;;EUR;0;na factuur datum;;;;;;;;;0;;;;;;;;;;
A;48;0;Petitjean Renée;;;Rue des Oeuvres 14;88340;le val d'ajol;FR;JA;;NEE;;NP;;Particulier EU;;;;EUR;0;na factuur datum;;;;;;;;;0;;;;;;;;;;
A;22;0;PhCom;;;Colonel Bourg 104a;1030;Schaarbeek;BE;NEE;;JA;613250;NV;BE0458.002.326;Belgische BTW-plichtige;;;;EUR;0;na factuur datum;;;;;;;;;0;;;;;;;;;;
A;305;0;Phips- De Bruyn;;;;;;  ;JA;;JA;700000;NP;;Particulier Belgie;;;;EUR;15;na factuur datum;;;;;;;;;0;;;;;;;;;;
A;28;0;Printconcept.be;;;Laureys Gewatstraat 73a;2560;Nijlen;BE;NEE;;JA;614000;BVBA;;Belgische BTW-plichtige;;;;EUR;0;na factuur datum;;;;;;;;;0;;;;;;;;;;
A;241;0;Privas Medical;;;2 Avenue Clement Faugier;0700;Privas;FR;JA;700100;NEE;;NP;FR21421520487;Intracommunautaire BTW-plichtige;;;;EUR;14;na factuur datum;;;;;;;;;1;;;;;;;;;;
A;117;0;Protos - Medica;;;Rue d'Hérinnes 5;7850;Enghien;BE;JA;700000;NEE;;NP;BE0463.328.616;Belgische BTW-plichtige;;;;EUR;0;na factuur datum;;;;;;;;;0;;;;;;;;;;
A;137;0;Provincie Oost-Vlaanderen;;;;;;  ;NEE;;JA;640000;NP;;Niet BTW-plichtige;;;;EUR;0;na factuur datum;;;;;;;;;0;;;;;;;;;;
A;292;0;QUICK SERVICE;;;HEIRBRUGSTRAAT 361;9160;Daknam;  ;NEE;;JA;;BVBA;BE0436.684.003;Belgische BTW-plichtige;;;;EUR;0;na factuur datum;;;;;;;;;0;;;;;;;;;;
A;81;0;Qualias Froyennes Meditex;;;Rue de maire 5;7503;Froyennes;BE;JA;700000;NEE;;NP;BE0471.394.363;Belgische BTW-plichtige;;;;EUR;0;na factuur datum;;;;;;;;;0;;;;;;;;;;
A;74;0;Qualias hq Brabant Wallon;;;Rue de la bruyere 5;1370;Jodoigne;BE;JA;700000;NEE;;NP;BE0462.280.917;Belgische BTW-plichtige;;;;EUR;0;na factuur datum;;;;;;;;;0;;;;;;;;;;
A;212;0;Qualias hq Hainaut Oriental CEWALOR;;;RUE DES FAULDEURS 1;6530;Thuin;BE;JA;700000;NEE;;NP;BE0432.824.886;Belgische BTW-plichtige;;;;EUR;14;na factuur datum;;;;;;;;;1;;;;;;;;;;
A;85;0;Qualias hq Hainaut Picardie - ESPACE SANTE;;;Rue Saint Brice 56;7500;Tournai;BE;JA;700000;NEE;;CVBA;BE0458.377.062;Belgische BTW-plichtige;;;;EUR;15;na factuur datum;;;;;;;;;1;;;;;;;;;;
A;83;0;Qualias hq Luxembourg;;;Rue de la Moselle 7/9;6700;Arlon;BE;JA;700000;NEE;;;BE0459.217.301;Belgische BTW-plichtige;;;;EUR;15;na factuur datum;;;;;;;;;1;;;;;;;;;;
A;208;0;Qualias hq Namur;;;RUE DU LOMBARD 8;5000;Beez;  ;JA;700000;NEE;;;BE0462.386.330;Belgische BTW-plichtige;;;;EUR;14;na factuur datum;;;;;;;;;1;;;;;;;;;;
A;129;0;Qualias hq brussel - proximité Santé;;;rue Malibran 49;1050;Elsene;BE;JA;700000;NEE;;NP;BE0461.136.911;Belgische BTW-plichtige;;;;EUR;0;na factuur datum;;;;;;;;;0;;;;;;;;;;
A;222;0;REVIMEX BVBA;;;MICHIELSPLEIN 13;3930;Achel;BE;JA;700000;NEE;;BVBA;BE0443.312.566;Belgische BTW-plichtige;;;;EUR;15;na factuur datum;;;;;;;;;0;;;;;;;;;;
A;236;0;Rajapack;;;VRIJHEIDWEG 8;3700;Mal;  ;NEE;;JA;;NV;BE0432.683.445;Belgische BTW-plichtige;;;;EUR;0;na factuur datum;;;;;;;;;0;;;;;;;;;;
A;7;0;Regionaal Ziekenhuis Jan Yperman Ieper;;;Briekestraat 12;8900;Ieper;BE;JA;;NEE;;NP;;Niet BTW-plichtige;;;;EUR;0;na factuur datum;;;;;;;;;0;;;;;;;;;;
A;120;0;Regionaal ziekenhuis Heilig hart leuven;;;Naamsestraat 105;3000;Leuven;BE;JA;700000;NEE;;NP;BE0412.939.886;Belgische BTW-plichtige;;;;EUR;0;na factuur datum;;;;;;;;;0;;;;;;;;;;
A;180;0;Replacedirect;;;;;;  ;NEE;;JA;612320;NP;NL814583295B01;Intracommunautaire BTW-plichtige;;RABONL2U;NL39RABO0162353685;EUR;0;na factuur datum;;;;;;;;;0;;;;;;;;;;
A;115;0;Residence Cerise Strasbourg;;;Rue Job 5;67100;Strasbourg;FR;NEE;;JA;613310;NP;;Intracommunautaire BTW-plichtige;;;;EUR;0;na factuur datum;;;;;;;;;0;;;;;;;;;;
A;178;0;Reva;;;"NOORDERLAAN,4 B38";1731;Zellik;BE;JA;700000;JA;615200;NP;BE0434.045.306;Belgische BTW-plichtige;;GEBABEBB;BE19210044596612;EUR;0;na factuur datum;;;;;;;;;0;;;;;;;;;;
A;18;0;Rollz International;;;Pedro de Medinbalaan 63;1086;XP Amsterdam;NL;NEE;;JA;604000;BV;NL822307650B01;Intracommunautaire BTW-plichtige;;;;EUR;30;na factuur datum;;;;;;;;;0;;;;;;;;;;
A;224;0;SAINTE PHARMA;;;7 PL JOSEPH KOSMA;42000;;FR;JA;700100;NEE;;;FR08509460036;Intracommunautaire BTW-plichtige;;;;EUR;30;na factuur datum;;;;;;;;;1;;;;;;;;;;
A;186;0;SCHOOFS ORTHOPEDIE;;;BRUGSTRAAT 57;2300;Turnhout;  ;JA;700000;NEE;;NP;BE0438.477.216;Belgische BTW-plichtige;;;;EUR;15;na factuur datum;;;;;;;;;0;;;;;;;;;;
A;158;0;SOCIETE MONTAGE BARASCUD;;;"ZAE DU MIJOULAN,2 TRA DE LA FOSSE,34680 SAINT GEORGES D ORQUES ";34680;Saint Georges;FR;JA;700100;NEE;;;FR08383003852;Intracommunautaire BTW-plichtige;;;;EUR;0;na factuur datum;;;;;;;;;0;;;;;;;;;;
A;202;0;SOS MAD;;;"ZI DE TOULON EST,177 RUE LEO LAGRANGE,  ";83130;LA GARDE;FR;JA;;JA;700100;;FR83447828880;Intracommunautaire BTW-plichtige;;;;EUR;0;na factuur datum;;;;;;;;;0;;;;;;;;;;
A;281;0;Sabi;;;Helsebakken 5;2900;Hellerup;  ;NEE;;JA;604000;NP;DK35108408;Intracommunautaire BTW-plichtige;;;;EUR;30;na factuur datum;;;;;;;;;2;;;;;;;;;;
A;139;0;Salesforce.com;;;;;;  ;NEE;;JA;612330;NP;;Intracommunautaire BTW-plichtige;;;;EUR;0;na factuur datum;;;;;;;;;0;;;;;;;;;;
A;328;0;Salon Autonomic paris;;;;;;  ;NEE;;JA;615200;NP;;Intracommunautaire BTW-plichtige;;;;EUR;0;na factuur datum;;;;;;;;;0;;;;;;;;;;
A;167;0;Sesame;;;65 Avenue Villars;59300;Valenciennes;FR;JA;700100;NEE;;NP;FR26738800440;Intracommunautaire BTW-plichtige;;;;EUR;15;na factuur datum;;;;;;;;;1;;;;;;;;;;
A;31;0;Singulier Pluriel ;;;Rue Comhaire 180;4000;Liège;BE;NEE;;JA;615200;BVBA;BE0467.598.297;Belgische BTW-plichtige;;;;EUR;0;na factuur datum;;;;;;;;;0;;;;;;;;;;
A;98;0;Sodimed;;;HAUTS SARTS 4E AV 166;4040;Herstal;BE;JA;700000;NEE;;NP;BE0419.212.224;Belgische BTW-plichtige;;;;EUR;15;na factuur datum;;;;;;;;;0;;;;;;;;;;
A;99;0;Solival - Lambert;;;Route du Condroz 475;4031;Angleur;BE;JA;700000;NEE;;NV;BE0417.114.351;Belgische BTW-plichtige;;;;EUR;15;na factuur datum;;;;;;;;;1;;;;;;;;;;
A;310;0;Spronken Orthopedie;;;TRANSPORTLAAN 9;3600;Genk;  ;JA;700000;NEE;;NP;BE0419.238.552;Belgische BTW-plichtige;;;;EUR;15;na factuur datum;;;;;;;;;0;;;;;;;;;;
A;255;0;Stad Kortrijk;;;;;;  ;NEE;;JA;643000;NP;;Belgische BTW-plichtige;;;;EUR;0;na factuur datum;;;;;;;;;0;;;;;;;;;;
A;138;0;Stad Lokeren;;;;;;  ;NEE;;JA;640000;NP;;Belgische BTW-plichtige;;;;EUR;0;na factuur datum;;;;;;;;;0;;;;;;;;;;
A;136;0;Swissötel Dusseldorf/Neuss;;;;;;  ;NEE;;JA;613310;NP;;Intracommunautaire BTW-plichtige;;;;EUR;0;na factuur datum;;;;;;;;;0;;;;;;;;;;
A;195;0;TNT POST PAKKETSERVICE BELGIE;;;LEUVENSESTEENWEG 775;1140;Evere;  ;NEE;;JA;613300;NP;BE0862.743.833;Belgische BTW-plichtige;;;;EUR;30;na factuur datum;;;;;;;;;0;;;;;;;;;;
A;51;0;TOB TECHNISCHE ORTHOPEDIE Orthoshop;;;Herman Teirlinckstraat 15;9041;Oostakker;BE;JA;700000;NEE;;NV;BE0426.419.720;Belgische BTW-plichtige;;;;EUR;15;na factuur datum;;;;;;;;;0;;;;;;;;;;
A;263;0;TOP MEDIC;;;RUE DES 4 ARBRES(LU) 71;5170;Lesve;BE;JA;700000;NEE;;NP;BE0479.236.715;Belgische BTW-plichtige;;;;EUR;15;na factuur datum;;;;;;;;;1;;;;;;;;;;
A;152;0;TOUSSAINT;;;RUE DE MONTIGNY 23;6000;Charleroi;  ;JA;700000;NEE;;NP;BE0416.731.202;Belgische BTW-plichtige;;;;EUR;0;na factuur datum;;;;;;;;;0;;;;;;;;;;
A;256;0;"TRAVELJIGSAW, RENTALCARS.COM";;;"SUNLIGHT HOUSE,QUAY STREET,MANCHESTER,,,M3 3JZ";M2 3NQ;Manchester;GB;NEE;;JA;613310;Ltd;GB855349007;Belgische BTW-plichtige;;;;EUR;0;na factuur datum;;;;;;;;;0;;;;;;;;;;
A;15;0;Telenet;;;Liersesteenweg 4;2800;Mechelen;BE;NEE;;JA;612100;NV;BE0473.416.418;Belgische BTW-plichtige;;KREDBEBB;BE11405050461148;EUR;30;na factuur datum;;;;;;;;;0;;;;;;;;;;
A;266;0;Thiery Medical;;;"ZONE INDUSTRIELLE BARONNIE,73330 LE PONT DE BEAUVOISIN ";;;  ;JA;;NEE;;NP;FR26434743076;Intracommunautaire BTW-plichtige;;;;EUR;15;na factuur datum;;;;;;;;;1;;;;;;;;;;
A;189;0;Thuiszorgwinkel Boortmeerbeek;;;Leuvensesteenweg 290;3190;Boortmeerbeek;BE;JA;700000;NEE;;NP;BE0462.158.775;Belgische BTW-plichtige;;;;EUR;0;na factuur datum;;;;;;;;;0;;;;;;;;;;
A;200;0;Thuiszorgwinkel Linter;;;Sint Truidensesteenweg 5;3350;Linter;BE;JA;700000;NEE;;NP;BE0462.158.775;Belgische BTW-plichtige;;;;EUR;0;na factuur datum;;;;;;;;;0;;;;;;;;;;
A;42;0;Thuiszorgwinkel NV;;;Legeweg 154;8200;Sint-Andries;BE;JA;;NEE;;NV;BE0860.548.465;Belgische BTW-plichtige;;;;EUR;0;na factuur datum;;;;;;;;;0;;;;;;;;;;
A;191;0;Thuiszorgwinkel Sint Joris Winge;;;Leuvensesteenweg 204;3390;Sint-Joris-Winge;BE;JA;700000;NEE;;NP;BE0462.158.775;Belgische BTW-plichtige;;;;EUR;15;na factuur datum;;;;;;;;;0;;;;;;;;;;
A;242;0;Thuiszorgwinkel ZORG & FARMA;;;ELLERMANSTRAAT 74;2060;Antwerpen;BE;JA;700000;NEE;;NP;BE0400.789.251;Belgische BTW-plichtige;;;;EUR;14;na factuur datum;;;;;;;;;0;;;;;;;;;;
A;8;0;Thuiszorgwinkel hq Antwerpen;;;Turnhoutsebaan 363;2110;Wijnegem;BE;JA;700000;NEE;;CVBA;BE0885.730.061;Belgische BTW-plichtige;;;;EUR;15;na factuur datum;;;;;;;;;0;;;;;;;;;;
A;11;0;Thuiszorgwinkel hq Brussel Halle Vilvoorde;;;Wilgenlaan 1;1861;Wolvertem;BE;JA;700000;NEE;;NP;BE0410.149.454;Belgische BTW-plichtige;;;;EUR;15;na factuur datum;;;;;;;;;0;;;;;;;;;;
A;9;0;Thuiszorgwinkel hq Leuven;;;KONING LEOPOLD I-STR 34;3000;Leuven;BE;JA;700000;NEE;;NP;BE0462.158.775;Belgische BTW-plichtige;;;;EUR;15;na factuur datum;;;;;;;;;0;;;;;;;;;;
A;143;0;Thuiszorgwinkel hq Limburg;;;Gouverneur Roppesingel 75;3500;Hasselt;  ;JA;700000;NEE;;CVBA;BE0475.153.312;Belgische BTW-plichtige;;;;EUR;15;na factuur datum;;;;;;;;;0;;;;;;;;;;
A;52;0;Thuiszorgwinkel hq Mechelen;;;Antwerpsesteenweg 259;2800;Mechelen;BE;JA;700000;NEE;;CVBA;BE0479.249.680;Belgische BTW-plichtige;;;;EUR;0;na factuur datum;;;;;;;;;0;;;;;;;;;;
A;49;0;Thuiszorgwinkel hq Midden Vlaanderen CVBA;;;Industriepark 1;9052;Zwijnaarde;BE;JA;700000;NEE;;CVBA;BE0536.323.985;Belgische BTW-plichtige;;;;EUR;15;na factuur datum;;;;;;;;;0;;;;;;;;;;
A;90;0;Thuiszorgwinkel hq Turnhout;;;Patersstraat 85;2300;Turnhout;BE;JA;700000;NEE;;CVBA;BE0407.827.392;Belgische BTW-plichtige;;;;EUR;0;na factuur datum;;;;;;;;;0;;;;;;;;;;
A;14;0;Thuiszorgwinkel hq Waas en Dender;;;Grote Markt 37;9100;Sint-Niklaas;BE;JA;700000;NEE;;NP;BE0405.080.116;Belgische BTW-plichtige;;;;EUR;15;na factuur datum;;;;;;;;;0;;;;;;;;;;
A;69;0;Thuiszorgwinkel hq West Vlaanderen;;;Brugsesteenweg 371;8800;Beveren (Roeselare);BE;JA;700000;NEE;;NP;BE0860.548.465;Belgische BTW-plichtige;;;;EUR;15;na factuur datum;;;;;;;;;0;;;;;;;;;;
A;251;0;Titeca - Zorgvooru;;;KERKSTRAAT 380;8370;Uitkerke;  ;JA;700000;NEE;;NP;BE0886.489.730;Belgische BTW-plichtige;;;;EUR;14;na factuur datum;;;;;;;;;0;;;;;;;;;;
A;94;0;Tordep;;;Iepersestraat 498;8800;Beveren (Roeselare);BE;JA;700000;NEE;;NV;BE0450.255.093;Belgische BTW-plichtige;;;;EUR;0;na factuur datum;;;;;;;;;0;;;;;;;;;;
A;188;0;Tousergo SARL SELF CONFORT;;;"93 RUE D AMSTERDAM,59910 BONDUES ";;;  ;JA;700100;NEE;;NP;FR25504712894;Intracommunautaire BTW-plichtige;;;;EUR;15;na factuur datum;;;;;;;;;1;;;;;;;;;;
A;154;0;Trionic Sverige AB;;;"SEMINARIEGATAN 29 ,752 28 UPPSALA";;;  ;NEE;;JA;604000;NP;SE556698152701;Intracommunautaire BTW-plichtige;;;;EUR;0;na factuur datum;;;;;;;;;0;;;;;;;;;;
A;19;0;Trust Care;;;Vikingaplan 1;21618;Malmo;SE;NEE;;JA;604000;NP;SE556607195601;Intracommunautaire BTW-plichtige;;;;EUR;0;na factuur datum;;;;;;;;;0;;;;;;;;;;
A;313;0;Tuto-Modo;;;",RECTOR DURYSTRAAT 00006,6374DX LANDGRAAF,";;;  ;JA;700400;NEE;;NP;NL852221551B01;BTW-plichtige buiten EU;;;;EUR;15;na factuur datum;;;;;;;;;0;;;;;;;;;;
A;177;0;Tweedehands.be;;;;;;  ;NEE;;JA;614000;NP;;Belgische BTW-plichtige;;;;EUR;0;na factuur datum;;;;;;;;;0;;;;;;;;;;
A;237;0;UNIVERSITAIR CENTRUM SINT-JOZEF;;;LEUVENSESTEENWEG 517;3070;Kortenberg;  ;JA;700000;NEE;;NP;BE0419.501.145;Belgische BTW-plichtige;;;;EUR;14;na factuur datum;;;;;;;;;0;;;;;;;;;;
A;62;0;Uitgeverij AEB ;;;Schuttersboomstraat 5;3900;Overpelt;BE;NEE;;JA;614000;BVBA;BE0423.144.781;Belgische BTW-plichtige;;;;EUR;0;na factuur datum;;;;;;;;;0;;;;;;;;;;
A;109;0;United Parcel Service;;;Woluwelaan 156;1831;Diegem;BE;NEE;;JA;613300;NP;BE0428.759.497;Belgische BTW-plichtige;;;;EUR;0;na factuur datum;;;;;;;;;0;;;;;;;;;;
A;283;0;VAN DE VELDE-DE BRUYCKER;;;ZELEBAAN 106;9160;Daknam;  ;NEE;;JA;;NP;BE0425.761.902;Belgische BTW-plichtige;;;;EUR;0;na factuur datum;;;;;;;;;0;;;;;;;;;;
A;131;0;VAN ERWEGEN MARC;;;HERENTALSEBAAN 204;2160;Wommelgem;  ;NEE;;JA;611211;NP;BE0703.534.763;Belgische BTW-plichtige;;;;EUR;0;na factuur datum;;;;;;;;;0;;;;;;;;;;
A;284;0;VAN WAMBEKE ANTOON;;;BRAAMBESSENSTRAAT 0027;1700;Dilbeek;FR;NEE;;JA;;NP;BE0748.172.480;Belgische BTW-plichtige;;;;EUR;0;na factuur datum;;;;;;;;;0;;;;;;;;;;
A;162;0;VANDEN BORRE;;;SLESBROEKSTRAAT 101;1600;Oudenaken;  ;NEE;;JA;230000;NP;BE0412.723.419;Belgische BTW-plichtige;;;;EUR;0;na factuur datum;;;;;;;;;0;;;;;;;;;;
A;101;0;VF-Medicals;;;Mgr. Van Waeyenberghlaan 36;3000;Leuven;BE;JA;700000;NEE;;NV;BE0420.367.316;Belgische BTW-plichtige;;;;EUR;0;na factuur datum;;;;;;;;;0;;;;;;;;;;
A;32;0;VGD;;;Burg E Demunterlaan 5;1090;Jette;BE;NEE;;JA;613210;CVBA;BE0875.430.542;Belgische BTW-plichtige;;;;EUR;0;na factuur datum;;;;;;;;;0;;;;;;;;;;
A;173;0;VS MEDICAL;;;RUE GRANDE 25;7370;Dour;  ;JA;700000;NEE;;NP;BE0810.247.334;Belgische BTW-plichtige;;;;EUR;15;na factuur datum;;;;;;;;;1;;;;;;;;;;
A;67;0;Van Daele Gauthier - onkosten;;;Hillarestraat 20;9160;Lokeren;BE;NEE;;JA;614300;NP;;Particulier Belgie;;;;EUR;0;na factuur datum;;;;;;;;;0;;;;;;;;;;
A;134;0;Van Dag ;Johan;;Schoolstraat ;9160;Lokeren;BE;JA;;NEE;;NP;;Niet BTW-plichtige;;;;EUR;0;na factuur datum;;;;;;;;;0;;;;;;;;;;
A;103;0;Van Der Linden Dokter;;;Koninging Fabiolalaan 6;9000;Gent;BE;JA;700000;NEE;;NP;;Niet BTW-plichtige;;;;EUR;0;na factuur datum;;;;;;;;;0;;;;;;;;;;
A;128;0;Van Himbeeck;;;Belgiëlei 171;2018;Antwerpen;BE;JA;700000;NEE;;BVBA;BE0425.744.678;Belgische BTW-plichtige;;;;EUR;0;na factuur datum;;;;;;;;;0;;;;;;;;;;
A;253;0;Van Lul sprl - Medical Diffusion;;;AVENUE DE TERVUEREN 36-38 31;1040;Etterbeek;  ;JA;700000;NEE;;NP;BE0450.082.374;Belgische BTW-plichtige;;;;EUR;14;na factuur datum;;;;;;;;;1;;;;;;;;;;
A;288;0;Van Reeth Orthopedie;;;LEPELSTRAAT 62;3920;Lommel;  ;JA;;NEE;;NP;BE0460.341.511;Belgische BTW-plichtige;;;;EUR;15;na factuur datum;;;;;;;;;0;;;;;;;;;;
A;59;0;Van Winkel;;;Oeverstraat 3;9160;Lokeren;BE;NEE;;JA;611221;NP;BE0413.637.593;Belgische BTW-plichtige;;;;EUR;0;na factuur datum;;;;;;;;;0;;;;;;;;;;
A;13;0;Vanderheyden;Lodewijk;;Moorsebaan 67;9300;Aalst;BE;JA;700000;NEE;;NP;;Niet BTW-plichtige;;;;EUR;0;na factuur datum;;;;;;;;;0;;;;;;;;;;
A;298;0;Vermuyten;Anne-Lise;;Stationstraat 105;1840;Londerzeel;BE;JA;700000;NEE;;NP;;Particulier Belgie;;;;EUR;15;na factuur datum;;;;;;;;;0;;;;;;;;;;
A;133;0;Verzekeringen;;;;;;  ;NEE;;JA;613110;NP;;Belgische BTW-plichtige;;;;EUR;0;na factuur datum;;;;;;;;;0;;;;;;;;;;
A;44;0;Vigo ;;;Biezeweg 13;9230;Wetteren;BE;JA;700000;NEE;;NV;BE0444.471.717;Belgische BTW-plichtige;;;;EUR;15;na factuur datum;;;;;;;;;0;;;;;;;;;;
A;23;0;Viking Direct;;;Schoonmansveld 28;2870;Puurs;BE;NEE;;JA;612320;BVBA;BE0472.369.115;Belgische BTW-plichtige;;;;EUR;0;na factuur datum;;;;;;;;;0;;;;;;;;;;
A;306;0;Visio M C;;;STEENWINKELSTRAAT 460;2627;Schelle;  ;JA;700100;NEE;;NP;BE0865.645.816;Belgische BTW-plichtige;;;;EUR;15;na factuur datum;;;;;;;;;0;;;;;;;;;;
A;282;0;Vitility;;;PO BOX 3176;5003 DD;Tilburg;NL;NEE;;JA;604000;NP;NL806491188B01;Intracommunautaire BTW-plichtige;;;;EUR;30;na factuur datum;;;;;;;;;0;;;;;;;;;;
A;132;0;Vlaamse Belastingdienst;;;;;;  ;NEE;;JA;640200;NP;;Belgische BTW-plichtige;;;;EUR;0;na factuur datum;;;;;;;;;0;;;;;;;;;;
A;107;0;Vlaamse Parkinson Liga;;;;;;  ;NEE;;JA;614000;NP;;Belgische BTW-plichtige;;;;EUR;0;na factuur datum;;;;;;;;;0;;;;;;;;;;
A;323;0;Vlaamse actieve senioren;;;;;;  ;NEE;;JA;;NP;BE0412.714.610;Belgische BTW-plichtige;;;;EUR;0;na factuur datum;;;;;;;;;0;;;;;;;;;;
A;34;0;Volwassenenonderwijs waas en durme;;;Durmelaan 34a;9160;Lokeren;BE;NEE;;JA;615020;NP;;Niet BTW-plichtige;;;;EUR;0;na factuur datum;;;;;;;;;0;;;;;;;;;;
A;274;0;WA Trading;;;Postbus 6071;4000HB;Tiel;NL;JA;;JA;700100;NP;NL168151157B01;Intracommunautaire BTW-plichtige;;;;EUR;15;na factuur datum;;;;;;;;;0;;;;;;;;;;
A;102;0;WERKEN GLORIEUX;;;ST. M. GLORIEUXLAAN 55;9600;Ronse;BE;JA;700000;NEE;;VZW;BE0424.380.938;Belgische BTW-plichtige;;;;EUR;0;na factuur datum;;;;;;;;;0;;;;;;;;;;
A;5;0;WZC Molenstee Kampenhout;Van Ingelgom;;Gemeenteplein 1;1910;Kampenhout;BE;JA;700000;NEE;;NP;;Niet BTW-plichtige;;;;EUR;0;na factuur datum;;;;;;;;;0;;;;;;;;;;
A;322;0;Wowart;;;MARETAK 205;9250;Waasmunster;  ;NEE;;JA;;NP;BE0849.336.156;Belgische BTW-plichtige;;;;EUR;0;na factuur datum;;;;;;;;;0;;;;;;;;;;
A;27;0;Zenito;;;Spastraat 8;1000;Brussel;BE;NEE;;JA;624000;NP;;Niet BTW-plichtige;;KREDBEBB;BE56435410980188;EUR;60;na factuur datum;;;;;;;;;0;;;;;;;;;;
